ds,trend,yhat_lower,yhat_upper,trend_lower,trend_upper,additive_terms,additive_terms_lower,additive_terms_upper,weekly,weekly_lower,weekly_upper,multiplicative_terms,multiplicative_terms_lower,multiplicative_terms_upper,yhat
2023-08-21,252.48109839188598,233.21866571763601,278.41301493907787,252.48109839188598,252.48109839188598,3.3726212105851188,3.3726212105851188,3.3726212105851188,3.3726212105851188,3.3726212105851188,3.3726212105851188,0.0,0.0,0.0,255.8537196024711
2023-08-22,252.23197266609034,234.53278939138465,280.06172783856135,252.23197266609034,252.23197266609034,6.143872736359474,6.143872736359474,6.143872736359474,6.143872736359474,6.143872736359474,6.143872736359474,0.0,0.0,0.0,258.37584540244984
2023-08-23,251.98284694029476,233.36938875296934,279.9632068961528,251.98284694029476,251.98284694029476,5.679737911973198,5.679737911973198,5.679737911973198,5.679737911973198,5.679737911973198,5.679737911973198,0.0,0.0,0.0,257.66258485226797
2023-08-24,251.73372121449913,232.43281657804377,277.33809935776355,251.73372121449913,251.73372121449913,3.306139745035505,3.306139745035505,3.306139745035505,3.306139745035505,3.306139745035505,3.306139745035505,0.0,0.0,0.0,255.03986095953462
2023-08-25,251.48459548870352,232.28830202648348,277.69174156806855,251.48459548870352,251.48459548870352,3.078910371063134,3.078910371063134,3.078910371063134,3.078910371063134,3.078910371063134,3.078910371063134,0.0,0.0,0.0,254.56350585976665
2023-08-28,250.73721831131667,233.19217865864584,277.8053977660163,250.73721831131667,250.73721831131667,3.372621210585611,3.372621210585611,3.372621210585611,3.372621210585611,3.372621210585611,3.372621210585611,0.0,0.0,0.0,254.10983952190227
2023-08-29,250.48809258552106,234.8498900705987,279.1488625668284,250.48809258552106,250.48809258552106,6.143872736363614,6.143872736363614,6.143872736363614,6.143872736363614,6.143872736363614,6.143872736363614,0.0,0.0,0.0,256.63196532188465
2023-08-30,250.23896685972542,232.73533398796746,278.2978929413893,250.23896685972542,250.23896685972542,5.679737911972201,5.679737911972201,5.679737911972201,5.679737911972201,5.679737911972201,5.679737911972201,0.0,0.0,0.0,255.91870477169763
2023-08-31,249.98984113392981,231.10273485116085,276.05945712047986,249.98984113392981,249.98984113392981,3.306139745026756,3.306139745026756,3.306139745026756,3.306139745026756,3.306139745026756,3.306139745026756,0.0,0.0,0.0,253.29598087895658
2023-09-01,249.7407154085306,229.63958519073896,275.59520955281687,249.7407154085306,249.7407154085306,3.078910371062641,3.078910371062641,3.078910371062641,3.078910371062641,3.078910371062641,3.078910371062641,0.0,0.0,0.0,252.81962577959325
2023-09-05,248.7442125069338,231.13653939960136,276.42005826978846,248.7442125069338,248.7442125069338,6.143872736361359,6.143872736361359,6.143872736361359,6.143872736361359,6.143872736361359,6.143872736361359,0.0,0.0,0.0,254.88808524329517
2023-09-06,248.4950867815346,229.84131945859224,276.88588927271803,248.4950867815346,248.4950867815346,5.679737911971206,5.679737911971206,5.679737911971206,5.679737911971206,5.679737911971206,5.679737911971206,0.0,0.0,0.0,254.17482469350583
2023-09-07,248.24596105613537,227.0007874179372,271.2209566747014,248.24596105613537,248.24596105613537,3.3061397450324224,3.3061397450324224,3.3061397450324224,3.3061397450324224,3.3061397450324224,3.3061397450324224,0.0,0.0,0.0,251.5521008011678
2023-09-08,247.99683533073616,227.48161085306228,271.37106976656764,247.99683533073616,247.99683533073616,3.0789103710621473,3.0789103710621473,3.0789103710621473,3.0789103710621473,3.0789103710621473,3.0789103710621473,0.0,0.0,0.0,251.0757457017983
2023-09-11,247.24945815453856,227.08620489195278,272.51330481188444,247.24945815453856,247.24945815453856,3.37262121054798,3.37262121054798,3.37262121054798,3.37262121054798,3.37262121054798,3.37262121054798,0.0,0.0,0.0,250.62207936508653
2023-09-12,247.00033242913935,227.9556116260945,276.4096546923102,247.00033242913935,247.00033242913935,6.1438727363655,6.1438727363655,6.1438727363655,6.1438727363655,6.1438727363655,6.1438727363655,0.0,0.0,0.0,253.14420516550484
2023-09-13,246.75120670374017,228.15480725507277,274.3583649648517,246.75120670374017,246.75120670374017,5.6797379119702125,5.6797379119702125,5.6797379119702125,5.6797379119702125,5.6797379119702125,5.6797379119702125,0.0,0.0,0.0,252.4309446157104
2023-09-14,246.50208097824896,226.23410792511217,274.6590555083416,246.50208097824896,246.50208097824896,3.306139745031036,3.306139745031036,3.306139745031036,3.306139745031036,3.306139745031036,3.306139745031036,0.0,0.0,0.0,249.80822072328
2023-09-15,246.2529552527578,226.42427884622555,272.76339310248073,246.2529552527578,246.2529552527578,3.0789103710532166,3.0789103710532166,3.0789103710532166,3.0789103710532166,3.0789103710532166,3.0789103710532166,0.0,0.0,0.0,249.331865623811
2023-09-18,245.5055780762843,225.82392724485274,270.36949218749015,245.5055780762843,245.5055780762843,3.3726212105705415,3.3726212105705415,3.3726212105705415,3.3726212105705415,3.3726212105705415,3.3726212105705415,0.0,0.0,0.0,248.87819928685485
2023-09-19,245.25645235079313,229.89345052228936,274.21138243942295,245.25645235079313,245.25645235079313,6.143872736355081,6.143872736355081,6.143872736355081,6.143872736355081,6.143872736355081,6.143872736355081,0.0,0.0,0.0,251.40032508714822
2023-09-20,245.00732662530194,227.65565113265288,273.85061764589875,245.00732662530194,245.00732662530194,5.679737911967135,5.679737911967135,5.679737911967135,5.679737911967135,5.679737911967135,5.679737911967135,0.0,0.0,0.0,250.68706453726907
2023-09-21,244.7582008998108,226.20580351792987,272.0068512286404,244.7582008998108,244.7582008998108,3.306139745033174,3.306139745033174,3.306139745033174,3.306139745033174,3.306139745033174,3.306139745033174,0.0,0.0,0.0,248.06434064484395
2023-09-22,244.5090751743196,224.47407544087883,269.8132858856369,244.5090751743196,244.5090751743196,3.078910371082893,3.078910371082893,3.078910371082893,3.078910371082893,3.078910371082893,3.078910371082893,0.0,0.0,0.0,247.5879855454025
2023-09-25,243.76169799784614,224.12409892485385,270.4336172799112,243.76169799784614,243.76169799784614,3.3726212105710345,3.3726212105710345,3.3726212105710345,3.3726212105710345,3.3726212105710345,3.3726212105710345,0.0,0.0,0.0,247.13431920841717
2023-09-26,243.51257227562851,226.63391878752475,271.13508418136877,243.51257227562851,243.51257227562851,6.143872736359222,6.143872736359222,6.143872736359222,6.143872736359222,6.143872736359222,6.143872736359222,0.0,0.0,0.0,249.65644501198773
2023-09-27,243.26344655341094,226.2366977034122,270.1351505883725,243.26344655341094,243.26344655341094,5.67973791197423,5.67973791197423,5.67973791197423,5.67973791197423,5.67973791197423,5.67973791197423,0.0,0.0,0.0,248.94318446538517
2023-09-28,243.01432083119332,221.55944110204078,268.7059385664987,243.01432083119332,243.01432083119332,3.3061397450353143,3.3061397450353143,3.3061397450353143,3.3061397450353143,3.3061397450353143,3.3061397450353143,0.0,0.0,0.0,246.32046057622864
2023-09-29,242.76519510897575,224.7062396512219,269.6576279459758,242.76519510897575,242.76519510897575,3.078910371065524,3.078910371065524,3.078910371065524,3.078910371065524,3.078910371065524,3.078910371065524,0.0,0.0,0.0,245.84410548004126
2023-10-02,242.01781794232295,222.16345202426314,267.11666343799675,242.01781794232295,242.01781794232295,3.3726212105825617,3.3726212105825617,3.3726212105825617,3.3726212105825617,3.3726212105825617,3.3726212105825617,0.0,0.0,0.0,245.39043915290551
2023-10-03,241.76869222010535,223.85697516708584,272.77088864890146,241.76869222010535,241.76869222010535,6.1438727363633605,6.1438727363633605,6.1438727363633605,6.1438727363633605,6.1438727363633605,6.1438727363633605,0.0,0.0,0.0,247.9125649564687
2023-10-04,241.51956649788775,224.36436453779646,269.8685704378636,241.51956649788775,241.51956649788775,5.679737911971153,5.679737911971153,5.679737911971153,5.679737911971153,5.679737911971153,5.679737911971153,0.0,0.0,0.0,247.1993044098589
2023-10-05,241.27044077567018,222.44270786873486,266.59871261570373,241.27044077567018,241.27044077567018,3.3061397450374543,3.3061397450374543,3.3061397450374543,3.3061397450374543,3.3061397450374543,3.3061397450374543,0.0,0.0,0.0,244.57658052070764
2023-10-06,241.02131505164525,221.06466708623418,268.1006233304417,241.02131505164525,241.02131505164525,3.0789103710650307,3.0789103710650307,3.0789103710650307,3.0789103710650307,3.0789103710650307,3.0789103710650307,0.0,0.0,0.0,244.10022542271028
2023-10-09,240.2739378795705,219.26774108230924,265.6890918671758,240.2739378795705,240.2739378795705,3.372621210544437,3.372621210544437,3.372621210544437,3.372621210544437,3.372621210544437,3.372621210544437,0.0,0.0,0.0,243.64655909011492
2023-10-10,240.02481215554556,224.2265465776715,269.6985869102473,240.02481215554556,240.02481215554556,6.1438727363529395,6.1438727363529395,6.1438727363529395,6.1438727363529395,6.1438727363529395,6.1438727363529395,0.0,0.0,0.0,246.1686848918985
2023-10-11,239.77568643152065,221.79195389191685,266.75928327550685,239.77568643152065,239.77568643152065,5.67973791197224,5.67973791197224,5.67973791197224,5.67973791197224,5.67973791197224,5.67973791197224,0.0,0.0,0.0,245.4554243434929
2023-10-12,239.52656070749572,220.22773823852614,265.30894560004754,239.52656070749572,239.52656070749572,3.306139745036066,3.306139745036066,3.306139745036066,3.306139745036066,3.306139745036066,3.306139745036066,0.0,0.0,0.0,242.83270045253178
2023-10-13,239.2774349834708,218.6029202660928,264.33986749358746,239.2774349834708,239.2774349834708,3.078910371094706,3.078910371094706,3.078910371094706,3.078910371094706,3.078910371094706,3.078910371094706,0.0,0.0,0.0,242.35634535456552
2023-10-16,238.5300578113961,218.9846841837033,263.34011511110924,238.5300578113961,238.5300578113961,3.3726212105559643,3.3726212105559643,3.3726212105559643,3.3726212105559643,3.3726212105559643,3.3726212105559643,0.0,0.0,0.0,241.90267902195205
2023-10-17,238.28093208737113,222.3939782017365,267.5063270945001,238.28093208737113,238.28093208737113,6.143872736357079,6.143872736357079,6.143872736357079,6.143872736357079,6.143872736357079,6.143872736357079,0.0,0.0,0.0,244.4248048237282
2023-10-18,238.0318063575043,221.8702997278016,264.7900662287487,238.0318063575043,238.0318063575043,5.679737911969163,5.679737911969163,5.679737911969163,5.679737911969163,5.679737911969163,5.679737911969163,0.0,0.0,0.0,243.71154426947348
2023-10-19,237.78268062763746,219.9600597801969,264.36862939040066,237.78268062763746,237.78268062763746,3.3061397450343724,3.3061397450343724,3.3061397450343724,3.3061397450343724,3.3061397450343724,3.3061397450343724,0.0,0.0,0.0,241.08882037267185
2023-10-20,237.5335548977706,217.2225430616578,262.8802782108617,237.5335548977706,237.5335548977706,3.0789103710942145,3.0789103710942145,3.0789103710942145,3.0789103710942145,3.0789103710942145,3.0789103710942145,0.0,0.0,0.0,240.61246526886484
2023-10-23,236.7861777081701,216.76212437932352,263.09730584783966,236.7861777081701,236.7861777081701,3.3726212105674915,3.3726212105674915,3.3726212105674915,3.3726212105674915,3.3726212105674915,3.3726212105674915,0.0,0.0,0.0,240.1587989187376
2023-10-24,236.53705197830323,219.2416273005299,266.74258440698947,236.53705197830323,236.53705197830323,6.1438727363621055,6.1438727363621055,6.1438727363621055,6.1438727363621055,6.1438727363621055,6.1438727363621055,0.0,0.0,0.0,242.68092471466534
2023-10-25,236.2879262484364,218.89905926819577,265.35775683543955,236.2879262484364,236.2879262484364,5.679737911966085,5.679737911966085,5.679737911966085,5.679737911966085,5.679737911966085,5.679737911966085,0.0,0.0,0.0,241.96766416040248
2023-10-26,236.03880051856956,216.7150904137686,261.6636840419673,236.03880051856956,236.03880051856956,3.3061397450329837,3.3061397450329837,3.3061397450329837,3.3061397450329837,3.3061397450329837,3.3061397450329837,0.0,0.0,0.0,239.34494026360255
2023-10-27,235.78967478870274,216.01295863357285,263.0257238232442,235.78967478870274,235.78967478870274,3.0789103710852834,3.0789103710852834,3.0789103710852834,3.0789103710852834,3.0789103710852834,3.0789103710852834,0.0,0.0,0.0,238.868585159788
2023-10-30,235.04229763897195,216.206165605704,263.25216439839477,235.04229763897195,235.04229763897195,3.372621210579019,3.372621210579019,3.372621210579019,3.372621210579019,3.372621210579019,3.372621210579019,0.0,0.0,0.0,238.41491884955096
2023-10-31,234.79317192239503,218.21308523501662,264.3851681632908,234.79317192239503,234.79317192239503,6.143872736366245,6.143872736366245,6.143872736366245,6.143872736366245,6.143872736366245,6.143872736366245,0.0,0.0,0.0,240.93704465876127
2023-11-01,234.5440462058181,218.9981280088568,263.6827030115233,234.5440462058181,234.5440462058181,5.679737911967173,5.679737911967173,5.679737911967173,5.679737911967173,5.679737911967173,5.679737911967173,0.0,0.0,0.0,240.22378411778527
2023-11-02,234.29492048924115,214.28784642071065,259.48672858500413,234.29492048924115,234.29492048924115,3.306139745038651,3.306139745038651,3.306139745038651,3.306139745038651,3.306139745038651,3.306139745038651,0.0,0.0,0.0,237.6010602342798
2023-11-03,234.04579477266424,215.0271056682099,259.5963772231756,234.04579477266424,234.04579477266424,3.078910371076353,3.078910371076353,3.078910371076353,3.078910371076353,3.078910371076353,3.078910371076353,0.0,0.0,0.0,237.12470514374058
2023-11-06,233.29841762293344,214.60800805529357,261.8113716488475,233.29841762293344,233.29841762293344,3.3726212105795126,3.3726212105795126,3.3726212105795126,3.3726212105795126,3.3726212105795126,3.3726212105795126,0.0,0.0,0.0,236.67103883351297
2023-11-07,233.04929190635653,216.3685436671891,260.72847644377066,233.04929190635653,233.04929190635653,6.143872736363106,6.143872736363106,6.143872736363106,6.143872736363106,6.143872736363106,6.143872736363106,0.0,0.0,0.0,239.19316464271964
2023-11-08,232.80016618977956,215.38295791996853,260.96014039448863,232.80016618977956,232.80016618977956,5.679737911964095,5.679737911964095,5.679737911964095,5.679737911964095,5.679737911964095,5.679737911964095,0.0,0.0,0.0,238.47990410174364
2023-11-09,232.55104047339879,211.20849894537417,256.0106266134321,232.55104047339879,232.55104047339879,3.3061397450299017,3.3061397450299017,3.3061397450299017,3.3061397450299017,3.3061397450299017,3.3061397450299017,0.0,0.0,0.0,235.85718021842868
2023-11-10,232.30191475701798,212.28096163880994,258.2509945947571,232.30191475701798,232.30191475701798,3.078910371067423,3.078910371067423,3.078910371067423,3.078910371067423,3.078910371067423,3.078910371067423,0.0,0.0,0.0,235.3808251280854
2023-11-13,231.55453760787557,211.46263396031796,256.7885326515151,231.55453760787557,231.55453760787557,3.3726212106020736,3.3726212106020736,3.3726212106020736,3.3726212106020736,3.3726212106020736,3.3726212106020736,0.0,0.0,0.0,234.92715881847764
2023-11-14,231.30541189149474,213.6013971248736,260.43095911553064,231.30541189149474,231.30541189149474,6.143872736359967,6.143872736359967,6.143872736359967,6.143872736359967,6.143872736359967,6.143872736359967,0.0,0.0,0.0,237.4492846278547
2023-11-15,231.05628617511394,214.2011586772638,260.8756305285231,231.05628617511394,231.05628617511394,5.679737911971191,5.679737911971191,5.679737911971191,5.679737911971191,5.679737911971191,5.679737911971191,0.0,0.0,0.0,236.73602408708513
2023-11-16,230.8071604587331,211.16557891751899,255.406007050754,230.8071604587331,230.8071604587331,3.3061397450320413,3.3061397450320413,3.3061397450320413,3.3061397450320413,3.3061397450320413,3.3061397450320413,0.0,0.0,0.0,234.11330020376516
2023-11-17,230.5580347423523,211.90138669833925,255.1090374453043,230.5580347423523,230.5580347423523,3.0789103710669297,3.0789103710669297,3.0789103710669297,3.0789103710669297,3.0789103710669297,3.0789103710669297,0.0,0.0,0.0,233.63694511341924
2023-11-20,229.8106575932099,211.72646982405536,256.4803423854869,229.8106575932099,229.8106575932099,3.372621210552915,3.372621210552915,3.372621210552915,3.372621210552915,3.372621210552915,3.372621210552915,0.0,0.0,0.0,233.18327880376282
2023-11-21,229.56153188607993,210.90741509369875,256.5899128185085,229.56153188607993,229.56153188607993,6.143872736356827,6.143872736356827,6.143872736356827,6.143872736356827,6.143872736356827,6.143872736356827,0.0,0.0,0.0,235.70540462243676
2023-11-22,229.31240617895003,212.21082143914194,257.8283784216795,229.31240617895003,229.31240617895003,5.6797379119701965,5.6797379119701965,5.6797379119701965,5.6797379119701965,5.6797379119701965,5.6797379119701965,0.0,0.0,0.0,234.99214409092022
2023-11-24,228.8141547646901,207.85303824235402,255.09539421184334,228.8141547646901,228.8141547646901,3.07891037104956,3.07891037104956,3.07891037104956,3.07891037104956,3.07891037104956,3.07891037104956,0.0,0.0,0.0,231.89306513573968
2023-11-27,228.06677764330024,207.69569849963375,253.99685549266465,228.06677764330024,228.06677764330024,3.372621210564442,3.372621210564442,3.372621210564442,3.372621210564442,3.372621210564442,3.372621210564442,0.0,0.0,0.0,231.43939885386467
2023-11-28,227.81765193617028,210.20796436058745,256.40387031736805,227.81765193617028,227.81765193617028,6.143872736360964,6.143872736360964,6.143872736360964,6.143872736360964,6.143872736360964,6.143872736360964,0.0,0.0,0.0,233.96152467253125
2023-11-29,227.56852622904037,209.8885642640423,255.82954035585863,227.56852622904037,227.56852622904037,5.679737911969203,5.679737911969203,5.679737911969203,5.679737911969203,5.679737911969203,5.679737911969203,0.0,0.0,0.0,233.24826414100957
2023-11-30,227.3194005219104,208.81088263748984,254.0991429506246,227.3194005219104,227.3194005219104,3.3061397450292658,3.3061397450292658,3.3061397450292658,3.3061397450292658,3.3061397450292658,3.3061397450292658,0.0,0.0,0.0,230.62554026693968
2023-12-01,227.07027481478042,207.1126794908072,252.01766694092862,227.07027481478042,227.07027481478042,3.078910371087674,3.078910371087674,3.078910371087674,3.078910371087674,3.078910371087674,3.078910371087674,0.0,0.0,0.0,230.1491851858681
2023-12-04,226.31487479316226,206.59961585020133,252.9817742197442,226.31487479316226,226.31487479316226,3.372621210564935,3.372621210564935,3.372621210564935,3.372621210564935,3.372621210564935,3.372621210564935,0.0,0.0,0.0,229.6874960037272
2023-12-05,226.0630747859562,207.96272928530652,254.13934858061367,226.0630747859562,226.0630747859562,6.1438727363505485,6.1438727363505485,6.1438727363505485,6.1438727363505485,6.1438727363505485,6.1438727363505485,0.0,0.0,0.0,232.20694752230673
2023-12-06,225.81127477875012,208.8337610479317,253.02312338986204,225.81127477875012,225.81127477875012,5.679737911976297,5.679737911976297,5.679737911976297,5.679737911976297,5.679737911976297,5.679737911976297,0.0,0.0,0.0,231.49101269072642
2023-12-07,225.55947477154405,205.12012554220647,252.41304979061448,225.55947477154405,225.55947477154405,3.3061397450349332,3.3061397450349332,3.3061397450349332,3.3061397450349332,3.3061397450349332,3.3061397450349332,0.0,0.0,0.0,228.86561451657897
2023-12-08,225.307674764338,206.34350174549508,252.66470696832874,225.307674764338,225.307674764338,3.0789103710787438,3.0789103710787438,3.0789103710787438,3.0789103710787438,3.0789103710787438,3.0789103710787438,0.0,0.0,0.0,228.38658513541674
2023-12-11,224.55227474271982,205.89559639004747,250.62848195279932,224.55227474271982,224.55227474271982,3.3726212105654274,3.3726212105654274,3.3726212105654274,3.3726212105654274,3.3726212105654274,3.3726212105654274,0.0,0.0,0.0,227.92489595328524
2023-12-12,224.30047473551375,207.8021314416201,253.33218645937788,224.30047473551375,224.30047473551375,6.143872736362852,6.143872736362852,6.143872736362852,6.143872736362852,6.143872736362852,6.143872736362852,0.0,0.0,0.0,230.4443474718766
2023-12-13,224.04867472830773,208.03101938735838,253.11156145452873,224.04867472830773,224.04867472830773,5.679737911975302,5.679737911975302,5.679737911975302,5.679737911975302,5.679737911975302,5.679737911975302,0.0,0.0,0.0,229.72841264028304
2023-12-14,223.68596016324713,204.8962789983208,250.0911410839823,223.68596016324713,223.68596016324713,3.306139745033545,3.306139745033545,3.306139745033545,3.306139745033545,3.306139745033545,3.306139745033545,0.0,0.0,0.0,226.99209990828066
2023-12-15,223.32324559818662,202.35449137031364,249.89019896297677,223.32324559818662,223.32324559818662,3.078910371078251,3.078910371078251,3.078910371078251,3.078910371078251,3.078910371078251,3.078910371078251,0.0,0.0,0.0,226.40215596926487
2023-12-18,222.23510190300496,203.7631966606826,250.61370584781176,222.23510190300496,222.23510190300496,3.3726212105879902,3.3726212105879902,3.3726212105879902,3.3726212105879902,3.3726212105879902,3.3726212105879902,0.0,0.0,0.0,225.60772311359295
2023-12-19,221.87238733794445,206.96557704327014,250.4277417536291,221.87238733794445,221.87238733794445,6.143872736352433,6.143872736352433,6.143872736352433,6.143872736352433,6.143872736352433,6.143872736352433,0.0,0.0,0.0,228.01626007429687
2023-12-20,221.5096727728839,204.9802909948543,249.2384045368713,221.5096727728839,221.5096727728839,5.679737911972223,5.679737911972223,5.679737911972223,5.679737911972223,5.679737911972223,5.679737911972223,0.0,0.0,0.0,227.1894106848561
2023-12-21,221.14695820782336,200.46515022191863,248.131262013913,221.14695820782336,221.14695820782336,3.306139745035685,3.306139745035685,3.306139745035685,3.306139745035685,3.306139745035685,3.306139745035685,0.0,0.0,0.0,224.45309795285905
2023-12-22,220.7842436427628,200.36355089189775,246.80795569335132,220.7842436427628,220.7842436427628,3.078910371077758,3.078910371077758,3.078910371077758,3.078910371077758,3.078910371077758,3.078910371077758,0.0,0.0,0.0,223.86315401384056
2023-12-26,219.3333853825206,202.65890909219613,247.47611411637524,219.3333853825206,219.3333853825206,6.143872736356572,6.143872736356572,6.143872736356572,6.143872736356572,6.143872736356572,6.143872736356572,0.0,0.0,0.0,225.47725811887716
2023-12-27,218.8113062677766,203.0005345780799,249.9135245348019,218.8113062677766,218.8113062677766,5.6797379119712295,5.6797379119712295,5.6797379119712295,5.6797379119712295,5.6797379119712295,5.6797379119712295,0.0,0.0,0.0,224.4910441797478
2023-12-28,218.2892271530326,198.39386813818655,245.38264791082057,218.2892271530326,218.2892271530326,3.306139745030463,3.306139745030463,3.306139745030463,3.306139745030463,3.306139745030463,3.306139745030463,0.0,0.0,0.0,221.59536689806308
2023-12-29,217.7671480382886,196.14144800996317,243.31612266406924,217.7671480382886,217.7671480382886,3.07891037106039,3.07891037106039,3.07891037106039,3.07891037106039,3.07891037106039,3.07891037106039,0.0,0.0,0.0,220.846058409349
2024-01-02,215.67883157931263,199.07565269841186,244.68060885287443,215.67883157931263,215.67883157931263,6.143872736361598,6.143872736361598,6.143872736361598,6.143872736361598,6.143872736361598,6.143872736361598,0.0,0.0,0.0,221.82270431567423
2024-01-03,215.15675246456863,196.4938838489718,243.7062656311034,215.15675246456863,215.15675246456863,5.679737911968152,5.679737911968152,5.679737911968152,5.679737911968152,5.679737911968152,5.679737911968152,0.0,0.0,0.0,220.83649037653677
2024-01-04,214.63467334982462,195.29871843907785,239.35522625465276,214.63467334982462,214.63467334982462,3.3061397450326027,3.3061397450326027,3.3061397450326027,3.3061397450326027,3.3061397450326027,3.3061397450326027,0.0,0.0,0.0,217.94081309485722
2024-01-05,214.11259423508065,195.80821118347524,237.39604073316866,214.11259423508065,214.11259423508065,3.0789103710816277,3.0789103710816277,3.0789103710816277,3.0789103710816277,3.0789103710816277,3.0789103710816277,0.0,0.0,0.0,217.19150460616228
2024-01-08,212.54635689084867,194.761941593284,239.92033323951566,212.54635689084867,212.54635689084867,3.372621210561886,3.372621210561886,3.372621210561886,3.372621210561886,3.372621210561886,3.372621210561886,0.0,0.0,0.0,215.91897810141054
2024-01-09,212.00709424731176,195.38339481542184,239.27075620849723,212.00709424731176,212.00709424731176,6.143872736358459,6.143872736358459,6.143872736358459,6.143872736358459,6.143872736358459,6.143872736358459,0.0,0.0,0.0,218.1509669836702
2024-01-10,211.46783160377484,191.8261835121349,241.25835975159703,211.46783160377484,211.46783160377484,5.679737911969239,5.679737911969239,5.679737911969239,5.679737911969239,5.679737911969239,5.679737911969239,0.0,0.0,0.0,217.14756951574407
2024-01-11,210.9285689602379,193.35605759323727,239.19874993280817,210.9285689602379,210.9285689602379,3.3061397450312144,3.3061397450312144,3.3061397450312144,3.3061397450312144,3.3061397450312144,3.3061397450312144,0.0,0.0,0.0,214.2347087052691
2024-01-12,210.38930631670095,190.98374647706018,236.52000508536514,210.38930631670095,210.38930631670095,3.078910371081134,3.078910371081134,3.078910371081134,3.078910371081134,3.078910371081134,3.078910371081134,0.0,0.0,0.0,213.46821668778207
2024-01-16,208.23225574255324,191.9656716054168,237.58209847542233,208.23225574255324,208.23225574255324,6.14387273635532,6.14387273635532,6.14387273635532,6.14387273635532,6.14387273635532,6.14387273635532,0.0,0.0,0.0,214.37612847890856
2024-01-17,207.6929930990163,189.32907643530382,237.49496258498914,207.6929930990163,207.6929930990163,5.679737911966163,5.679737911966163,5.679737911966163,5.679737911966163,5.679737911966163,5.679737911966163,0.0,0.0,0.0,213.37273101098245
2024-01-18,207.15373045547932,188.31588804654155,231.91866974675224,207.15373045547932,207.15373045547932,3.3061397450333545,3.3061397450333545,3.3061397450333545,3.3061397450333545,3.3061397450333545,3.3061397450333545,0.0,0.0,0.0,210.45987020051268
2024-01-19,206.6144678153604,185.35224526295403,231.83327727713407,206.6144678153604,206.6144678153604,3.0789103710806414,3.0789103710806414,3.0789103710806414,3.0789103710806414,3.0789103710806414,3.0789103710806414,0.0,0.0,0.0,209.69337818644104
2024-01-22,204.9966798950036,186.2891891312284,230.7899315299898,204.9966798950036,204.9966798950036,3.37262121058494,3.37262121058494,3.37262121058494,3.37262121058494,3.37262121058494,3.37262121058494,0.0,0.0,0.0,208.36930110558856
2024-01-23,204.4574172548847,188.3548400612554,232.647220252389,204.4574172548847,204.4574172548847,6.1438727363594605,6.1438727363594605,6.1438727363594605,6.1438727363594605,6.1438727363594605,6.1438727363594605,0.0,0.0,0.0,210.60128999124416
2024-01-24,203.91815461476577,187.63442883131924,231.6320198692118,203.91815461476577,203.91815461476577,5.679737911973258,5.679737911973258,5.679737911973258,5.679737911973258,5.679737911973258,5.679737911973258,0.0,0.0,0.0,209.59789252673903
2024-01-25,203.37889197464685,184.4217192637591,230.98145161879825,203.37889197464685,203.37889197464685,3.306139745031967,3.306139745031967,3.306139745031967,3.306139745031967,3.306139745031967,3.306139745031967,0.0,0.0,0.0,206.68503171967882
2024-01-26,202.83962933452793,183.91691721511222,229.9103482034464,202.83962933452793,202.83962933452793,3.078910371071711,3.078910371071711,3.078910371071711,3.078910371071711,3.078910371071711,3.078910371071711,0.0,0.0,0.0,205.91853970559964
2024-01-29,201.22184141417117,179.85975835109969,227.07595080869018,201.22184141417117,201.22184141417117,3.3726212105468156,3.3726212105468156,3.3726212105468156,3.3726212105468156,3.3726212105468156,3.3726212105468156,0.0,0.0,0.0,204.59446262471798
2024-01-30,200.6825787740523,181.4249663996535,227.8195986402754,200.6825787740523,200.6825787740523,6.1438727363635985,6.1438727363635985,6.1438727363635985,6.1438727363635985,6.1438727363635985,6.1438727363635985,0.0,0.0,0.0,206.8264515104159
2024-01-31,200.14331614083093,180.82843557856228,227.38762219507265,200.14331614083093,200.14331614083093,5.6797379119722615,5.6797379119722615,5.6797379119722615,5.6797379119722615,5.6797379119722615,5.6797379119722615,0.0,0.0,0.0,205.8230540528032
2024-02-01,199.6040535076096,180.23327434060053,224.80461046697837,199.6040535076096,199.6040535076096,3.306139745033799,3.306139745033799,3.306139745033799,3.306139745033799,3.306139745033799,3.306139745033799,0.0,0.0,0.0,202.91019325264338
2024-02-02,199.06479087438828,180.07991614134977,224.96586450707912,199.06479087438828,199.06479087438828,3.07891037106278,3.07891037106278,3.07891037106278,3.07891037106278,3.07891037106278,3.07891037106278,0.0,0.0,0.0,202.14370124545107
2024-02-05,197.44700297472423,175.87067409856795,223.9271812039753,197.44700297472423,197.44700297472423,3.3726212105473086,3.3726212105473086,3.3726212105473086,3.3726212105473086,3.3726212105473086,3.3726212105473086,0.0,0.0,0.0,200.81962418527155
2024-02-06,196.9077403415029,180.12815451926272,227.36199839808924,196.9077403415029,196.9077403415029,6.143872736360457,6.143872736360457,6.143872736360457,6.143872736360457,6.143872736360457,6.143872736360457,0.0,0.0,0.0,203.05161307786335
2024-02-07,196.36847770828155,178.76277753557505,224.67175192848057,196.36847770828155,196.36847770828155,5.679737911971268,5.679737911971268,5.679737911971268,5.679737911971268,5.679737911971268,5.679737911971268,0.0,0.0,0.0,202.04821562025282
2024-02-08,195.82921507506023,177.46333724914885,222.3825021291197,195.82921507506023,195.82921507506023,3.306139745032412,3.306139745032412,3.306139745032412,3.306139745032412,3.306139745032412,3.306139745032412,0.0,0.0,0.0,199.13535482009266
2024-02-09,195.28995244183886,174.79118806097878,220.7526808820506,195.28995244183886,195.28995244183886,3.078910371092456,3.078910371092456,3.078910371092456,3.078910371092456,3.078910371092456,3.078910371092456,0.0,0.0,0.0,198.36886281293133
2024-02-12,193.67216460137806,174.9405120735058,220.31825709786867,193.67216460137806,193.67216460137806,3.3726212105698705,3.3726212105698705,3.3726212105698705,3.3726212105698705,3.3726212105698705,3.3726212105698705,0.0,0.0,0.0,197.04478581194792
2024-02-13,193.13290198789113,176.2645549988364,221.00964410232658,193.13290198789113,193.13290198789113,6.143872736357317,6.143872736357317,6.143872736357317,6.143872736357317,6.143872736357317,6.143872736357317,0.0,0.0,0.0,199.27677472424844
2024-02-14,192.59363937440423,175.1810364469156,220.67575177810963,192.59363937440423,192.59363937440423,5.67973791196819,5.67973791196819,5.67973791196819,5.67973791196819,5.67973791196819,5.67973791196819,0.0,0.0,0.0,198.27337728637244
2024-02-15,192.05437676091725,169.74348929885215,217.32631924958721,192.05437676091725,192.05437676091725,3.306139745034551,3.306139745034551,3.306139745034551,3.306139745034551,3.306139745034551,3.306139745034551,0.0,0.0,0.0,195.3605165059518
2024-02-16,191.51511414743035,171.28780909589474,218.75641471933625,191.51511414743035,191.51511414743035,3.078910371091962,3.078910371091962,3.078910371091962,3.078910371091962,3.078910371091962,3.078910371091962,0.0,0.0,0.0,194.5940245185223
2024-02-20,189.35806369348265,172.55676898875245,217.1456042779663,189.35806369348265,189.35806369348265,6.143872736362344,6.143872736362344,6.143872736362344,6.143872736362344,6.143872736362344,6.143872736362344,0.0,0.0,0.0,195.501936429845
2024-02-21,188.8188010799957,171.73768555672206,218.09885478528423,188.8188010799957,188.8188010799957,5.679737911965113,5.679737911965113,5.679737911965113,5.679737911965113,5.679737911965113,5.679737911965113,0.0,0.0,0.0,194.4985389919608
2024-02-22,188.27953846650877,169.13085051537072,214.47491344229113,188.27953846650877,188.27953846650877,3.306139745033164,3.306139745033164,3.306139745033164,3.306139745033164,3.306139745033164,3.306139745033164,0.0,0.0,0.0,191.58567821154193
2024-02-23,187.74027585748976,167.74653786586956,213.8744015557883,187.74027585748976,187.74027585748976,3.0789103710745946,3.0789103710745946,3.0789103710745946,3.0789103710745946,3.0789103710745946,3.0789103710745946,0.0,0.0,0.0,190.81918622856435
2024-02-26,186.12248803043278,167.34143272623353,212.55270894910268,186.12248803043278,186.12248803043278,3.3726212105818894,3.3726212105818894,3.3726212105818894,3.3726212105818894,3.3726212105818894,3.3726212105818894,0.0,0.0,0.0,189.49510924101466
2024-02-27,185.5832254214138,169.2297548967905,216.09146312137196,185.5832254214138,185.5832254214138,6.143872736366484,6.143872736366484,6.143872736366484,6.143872736366484,6.143872736366484,6.143872736366484,0.0,0.0,0.0,191.7270981577803
2024-02-28,185.0439628123948,167.8659355536636,213.92248809524364,185.0439628123948,185.0439628123948,5.67973791197429,5.67973791197429,5.67973791197429,5.67973791197429,5.67973791197429,5.67973791197429,0.0,0.0,0.0,190.72370072436908
2024-02-29,184.5047002033758,164.91735177116564,208.58926912729922,184.5047002033758,184.5047002033758,3.306139745035303,3.306139745035303,3.306139745035303,3.306139745035303,3.306139745035303,3.306139745035303,0.0,0.0,0.0,187.8108399484111
2024-03-01,183.96543759435679,164.31472496752056,209.33694362785357,183.96543759435679,183.96543759435679,3.078910371074102,3.078910371074102,3.078910371074102,3.078910371074102,3.078910371074102,3.078910371074102,0.0,0.0,0.0,187.0443479654309
2024-03-04,182.3476497672998,162.85947749365306,208.4796958166876,182.3476497672998,182.3476497672998,3.3726212105823836,3.3726212105823836,3.3726212105823836,3.3726212105823836,3.3726212105823836,3.3726212105823836,0.0,0.0,0.0,185.7202709778822
2024-03-05,181.8083871582808,163.82156142183038,210.78437721225862,181.8083871582808,181.8083871582808,6.143872736356065,6.143872736356065,6.143872736356065,6.143872736356065,6.143872736356065,6.143872736356065,0.0,0.0,0.0,187.95225989463685
2024-03-06,181.26912457690915,164.2781012224674,209.54283868357416,181.26912457690915,181.26912457690915,5.679737911975376,5.679737911975376,5.679737911975376,5.679737911975376,5.679737911975376,5.679737911975376,0.0,0.0,0.0,186.94886248888452
2024-03-07,180.72986199553753,159.09370834832941,208.36420741372703,180.72986199553753,180.72986199553753,3.306139745030082,3.306139745030082,3.306139745030082,3.306139745030082,3.306139745030082,3.306139745030082,0.0,0.0,0.0,184.03600174056763
2024-03-08,180.19059941416586,160.79160397161556,207.50406264785227,180.19059941416586,180.19059941416586,3.0789103710651706,3.0789103710651706,3.0789103710651706,3.0789103710651706,3.0789103710651706,3.0789103710651706,0.0,0.0,0.0,183.26950978523104
2024-03-11,178.57281167005098,158.03490185083635,204.16954923416625,178.57281167005098,178.57281167005098,3.372621210593911,3.372621210593911,3.372621210593911,3.372621210593911,3.372621210593911,3.372621210593911,0.0,0.0,0.0,181.9454328806449
2024-03-12,178.03354908867934,161.47609586689694,206.33093683371357,178.03354908867934,178.03354908867934,6.143872736360205,6.143872736360205,6.143872736360205,6.143872736360205,6.143872736360205,6.143872736360205,0.0,0.0,0.0,184.17742182503954
2024-03-13,177.49428650730766,161.76544455777488,207.0198095046781,177.49428650730766,177.49428650730766,5.679737911972301,5.679737911972301,5.679737911972301,5.679737911972301,5.679737911972301,5.679737911972301,0.0,0.0,0.0,183.17402441927996
2024-03-14,176.95502392593608,157.7265094630482,203.3166967584558,176.95502392593608,176.95502392593608,3.3061397450322216,3.3061397450322216,3.3061397450322216,3.3061397450322216,3.3061397450322216,3.3061397450322216,0.0,0.0,0.0,180.2611636709683
2024-03-15,176.41576134456446,157.8797501801276,200.8355363864331,176.41576134456446,176.41576134456446,3.0789103710646786,3.0789103710646786,3.0789103710646786,3.0789103710646786,3.0789103710646786,3.0789103710646786,0.0,0.0,0.0,179.49467171562912
2024-03-18,175.08337220687378,155.17914952630844,201.10063566409053,175.08337220687378,175.08337220687378,3.3726212105557862,3.3726212105557862,3.3726212105557862,3.3726212105557862,3.3726212105557862,3.3726212105557862,0.0,0.0,0.0,178.45599341742957
2024-03-19,174.6392424943102,155.94566712629444,204.2539183716661,174.6392424943102,174.6392424943102,6.143872736357063,6.143872736357063,6.143872736357063,6.143872736357063,6.143872736357063,6.143872736357063,0.0,0.0,0.0,180.78311523066725
2024-03-20,174.19511278174664,156.53527368535833,203.5213127604601,174.19511278174664,174.19511278174664,5.679737911969224,5.679737911969224,5.679737911969224,5.679737911969224,5.679737911969224,5.679737911969224,0.0,0.0,0.0,179.87485069371587
2024-03-21,173.7509830691831,153.97397877729293,199.4877301379775,173.7509830691831,173.7509830691831,3.3061397450308334,3.3061397450308334,3.3061397450308334,3.3061397450308334,3.3061397450308334,3.3061397450308334,0.0,0.0,0.0,177.05712281421393
2024-03-22,173.30685335661954,152.5698382398079,199.75810664369465,173.30685335661954,173.30685335661954,3.0789103710557475,3.0789103710557475,3.0789103710557475,3.0789103710557475,3.0789103710557475,3.0789103710557475,0.0,0.0,0.0,176.38576372767528
2024-03-25,171.9744642189289,154.17535984695604,198.0138274187246,171.9744642189289,171.9744642189289,3.3726212105673135,3.3726212105673135,3.3726212105673135,3.3726212105673135,3.3726212105673135,3.3726212105673135,0.0,0.0,0.0,175.3470854294962
2024-03-26,171.5303345063653,155.3199296362054,199.6668896396886,171.5303345063653,171.5303345063653,6.143872736361203,6.143872736361203,6.143872736361203,6.143872736361203,6.143872736361203,6.143872736361203,0.0,0.0,0.0,177.6742072427265
2024-03-27,171.08620479380178,154.6722962981904,198.45426403146786,171.08620479380178,171.08620479380178,5.679737911968227,5.679737911968227,5.679737911968227,5.679737911968227,5.679737911968227,5.679737911968227,0.0,0.0,0.0,176.76594270577002
2024-03-28,170.80929644835234,150.9216392059138,197.73962877771868,170.80929644835234,170.80929644835234,3.3061397450365004,3.3061397450365004,3.3061397450365004,3.3061397450365004,3.3061397450365004,3.3061397450365004,0.0,0.0,0.0,174.11543619338883
2024-04-01,169.70166306655463,150.06053744440604,195.28029675871568,169.70166306655463,169.70166306655463,3.3726212105678064,3.3726212105678064,3.3726212105678064,3.3726212105678064,3.3726212105678064,3.3726212105678064,0.0,0.0,0.0,173.07428427712244
2024-04-02,169.4247547211052,152.49822813598985,199.23277104713176,169.4247547211052,169.4247547211052,6.143872736358953,6.143872736358953,6.143872736358953,6.143872736358953,6.143872736358953,6.143872736358953,0.0,0.0,0.0,175.56862745746415
2024-04-03,169.14784637565577,150.65859365384915,197.70947286468913,169.14784637565577,169.14784637565577,5.67973791197324,5.67973791197324,5.67973791197324,5.67973791197324,5.67973791197324,5.67973791197324,0.0,0.0,0.0,174.827584287629
2024-04-04,168.87093803020636,149.5495545722344,194.04420337985812,168.87093803020636,168.87093803020636,3.3061397450351118,3.3061397450351118,3.3061397450351118,3.3061397450351118,3.3061397450351118,3.3061397450351118,0.0,0.0,0.0,172.1770777752415
2024-04-05,168.59402968475695,147.2852730351602,195.4726084401241,168.59402968475695,168.59402968475695,3.078910371076492,3.078910371076492,3.078910371076492,3.078910371076492,3.078910371076492,3.078910371076492,0.0,0.0,0.0,171.67294005583344
2024-04-08,167.76330464840865,148.07192753612222,194.55078622501492,167.76330464840865,167.76330464840865,3.3726212105903683,3.3726212105903683,3.3726212105903683,3.3726212105903683,3.3726212105903683,3.3726212105903683,0.0,0.0,0.0,171.13592585899903
2024-04-09,167.48639630295918,151.331298535424,196.23964060854178,167.48639630295918,167.48639630295918,6.143872736355812,6.143872736355812,6.143872736355812,6.143872736355812,6.143872736355812,6.143872736355812,0.0,0.0,0.0,173.63026903931498
2024-04-10,167.43031843540223,149.79907467698547,195.58832479894878,167.43031843540223,167.43031843540223,5.679737911974328,5.679737911974328,5.679737911974328,5.679737911974328,5.679737911974328,5.679737911974328,0.0,0.0,0.0,173.11005634737654
2024-04-11,167.37424056784528,148.44310133404687,192.73483809082074,167.37424056784528,167.37424056784528,3.306139745033725,3.306139745033725,3.306139745033725,3.306139745033725,3.306139745033725,3.306139745033725,0.0,0.0,0.0,170.680380312879
2024-04-12,167.31816270028833,146.50093274125908,193.99743956897214,167.31816270028833,167.31816270028833,3.0789103710675625,3.0789103710675625,3.0789103710675625,3.0789103710675625,3.0789103710675625,3.0789103710675625,0.0,0.0,0.0,170.3970730713559
2024-04-15,167.14992909761744,148.61548482692658,193.30116225402398,167.14992909761744,167.14992909761744,3.37262121059086,3.37262121059086,3.37262121059086,3.37262121059086,3.37262121059086,3.37262121059086,0.0,0.0,0.0,170.5225503082083
2024-04-16,167.0938512300605,151.39417056189842,196.84464249463568,167.0938512300605,167.0938512300605,6.143872736352671,6.143872736352671,6.143872736352671,6.143872736352671,6.143872736352671,6.143872736352671,0.0,0.0,0.0,173.23772396641317
2024-04-17,167.03777336250354,151.39780678716028,197.25779231614106,167.03777336250354,167.03777336250354,5.679737911971251,5.679737911971251,5.679737911971251,5.679737911971251,5.679737911971251,5.679737911971251,0.0,0.0,0.0,172.7175112744748
2024-04-18,166.98169549494656,147.47137047734918,194.6165157193088,166.98169549494656,166.98169549494656,3.3061397450358645,3.3061397450358645,3.3061397450358645,3.3061397450358645,3.3061397450358645,3.3061397450358645,0.0,0.0,0.0,170.28783523998243
2024-04-19,166.92561762738964,146.90262262250252,191.97044976449095,166.92561762738964,166.92561762738964,3.0789103710972383,3.0789103710972383,3.0789103710972383,3.0789103710972383,3.0789103710972383,3.0789103710972383,0.0,0.0,0.0,170.00452799848688
2024-04-22,167.4785136969839,148.19701778173038,194.39527340250305,167.4785136969839,167.4785136969839,3.3726212105913542,3.3726212105913542,3.3726212105913542,3.3726212105913542,3.3726212105913542,3.3726212105913542,0.0,0.0,0.0,170.85113490757524
2024-04-23,167.66281238684869,151.6738918429018,196.05663164723998,167.66281238684869,167.66281238684869,6.143872736356814,6.143872736356814,6.143872736356814,6.143872736356814,6.143872736356814,6.143872736356814,0.0,0.0,0.0,173.8066851232055
2024-04-24,167.84711107671342,150.5896806279024,195.3970749482224,167.84711107671342,167.84711107671342,5.679737911970256,5.679737911970256,5.679737911970256,5.679737911970256,5.679737911970256,5.679737911970256,0.0,0.0,0.0,173.52684898868367
2024-04-25,168.0314097665782,147.87176241783501,192.55841030263684,168.0314097665782,168.0314097665782,3.306139745027116,3.306139745027116,3.306139745027116,3.306139745027116,3.306139745027116,3.306139745027116,0.0,0.0,0.0,171.33754951160532
2024-04-26,168.21570845644294,149.63485467065559,195.65487011578136,168.21570845644294,168.21570845644294,3.078910371096745,3.078910371096745,3.078910371096745,3.078910371096745,3.078910371096745,3.078910371096745,0.0,0.0,0.0,171.2946188275397
2024-04-29,168.76860452603725,148.28415785731664,194.4976912956624,168.76860452603725,168.76860452603725,3.372621210564265,3.372621210564265,3.372621210564265,3.372621210564265,3.372621210564265,3.372621210564265,0.0,0.0,0.0,172.1412257366015
2024-04-30,168.95290321590198,151.54137882049704,197.51807314444446,168.95290321590198,168.95290321590198,6.143872736361838,6.143872736361838,6.143872736361838,6.143872736361838,6.143872736361838,6.143872736361838,0.0,0.0,0.0,175.0967759522638
2024-05-01,169.13720190576677,153.21051332643518,198.45825302757348,169.13720190576677,169.13720190576677,5.679737911969262,5.679737911969262,5.679737911969262,5.679737911969262,5.679737911969262,5.679737911969262,0.0,0.0,0.0,174.81693981773603
2024-05-02,169.50265089572056,150.0099480709899,196.20488177404587,169.50265089572056,169.50265089572056,3.3061397450327825,3.3061397450327825,3.3061397450327825,3.3061397450327825,3.3061397450327825,3.3061397450327825,0.0,0.0,0.0,172.80879064075336
2024-05-03,169.86809988567438,150.0263533442478,196.2973325866576,169.86809988567438,169.86809988567438,3.0789103710793753,3.0789103710793753,3.0789103710793753,3.0789103710793753,3.0789103710793753,3.0789103710793753,0.0,0.0,0.0,172.94701025675377
2024-05-06,170.96444685553578,151.88114239351896,198.20683173217347,170.96444685553578,170.96444685553578,3.3726212105647564,3.3726212105647564,3.3726212105647564,3.3726212105647564,3.3726212105647564,3.3726212105647564,0.0,0.0,0.0,174.33706806610053
2024-05-07,171.3298958454896,153.75946523993753,199.69071761995949,171.3298958454896,171.3298958454896,6.143872736365978,6.143872736365978,6.143872736365978,6.143872736365978,6.143872736365978,6.143872736365978,0.0,0.0,0.0,177.47376858185558
2024-05-08,171.6953448354434,154.66459386320946,198.98073413333915,171.6953448354434,171.6953448354434,5.679737911968267,5.679737911968267,5.679737911968267,5.679737911968267,5.679737911968267,5.679737911968267,0.0,0.0,0.0,177.37508274741165
2024-05-09,172.06079382539718,152.3555409563087,198.59401709529453,172.06079382539718,172.06079382539718,3.3061397450313943,3.3061397450313943,3.3061397450313943,3.3061397450313943,3.3061397450313943,3.3061397450313943,0.0,0.0,0.0,175.36693357042859
2024-05-10,172.426242815351,152.29636889702607,198.8440935204222,172.426242815351,172.426242815351,3.078910371078884,3.078910371078884,3.078910371078884,3.078910371078884,3.078910371078884,3.078910371078884,0.0,0.0,0.0,175.50515318642988
2024-05-13,173.52258978521243,154.1626865978038,200.7029503548228,173.52258978521243,173.52258978521243,3.3726212105873183,3.3726212105873183,3.3726212105873183,3.3726212105873183,3.3726212105873183,3.3726212105873183,0.0,0.0,0.0,176.89521099579974
2024-05-14,174.0102541510069,158.54223356045344,201.98133427771168,174.0102541510069,174.0102541510069,6.143872736355558,6.143872736355558,6.143872736355558,6.143872736355558,6.143872736355558,6.143872736355558,0.0,0.0,0.0,180.15412688736245
2024-05-15,174.49791851680135,158.45252600079468,202.85069379701184,174.49791851680135,174.49791851680135,5.67973791196519,5.67973791196519,5.67973791196519,5.67973791196519,5.67973791196519,5.67973791196519,0.0,0.0,0.0,180.17765642876654
2024-05-16,174.98558288259582,155.54874703817075,200.40308870119162,174.98558288259582,174.98558288259582,3.3061397450297005,3.3061397450297005,3.3061397450297005,3.3061397450297005,3.3061397450297005,3.3061397450297005,0.0,0.0,0.0,178.29172262762552
2024-05-17,175.4732472483903,155.83326424262634,202.34074670329815,175.4732472483903,175.4732472483903,3.078910371078391,3.078910371078391,3.078910371078391,3.078910371078391,3.078910371078391,3.078910371078391,0.0,0.0,0.0,178.5521576194687
2024-05-20,176.9362403457737,158.9850644969924,202.6508143336518,176.9362403457737,176.9362403457737,3.3726212105878113,3.3726212105878113,3.3726212105878113,3.3726212105878113,3.3726212105878113,3.3726212105878113,0.0,0.0,0.0,180.30886155636153
2024-05-21,177.42390471156816,162.05579317776974,208.22743687230778,177.42390471156816,177.42390471156816,6.143872736359698,6.143872736359698,6.143872736359698,6.143872736359698,6.143872736359698,6.143872736359698,0.0,0.0,0.0,183.56777744792785
2024-05-22,177.91156907736263,158.5290842532711,206.4880252177467,177.91156907736263,177.91156907736263,5.679737911972285,5.679737911972285,5.679737911972285,5.679737911972285,5.679737911972285,5.679737911972285,0.0,0.0,0.0,183.59130698933492
2024-05-23,178.39923344315713,159.90624473445018,204.7731877116734,178.39923344315713,178.39923344315713,3.306139745028312,3.306139745028312,3.306139745028312,3.306139745028312,3.306139745028312,3.306139745028312,0.0,0.0,0.0,181.70537318818543
2024-05-24,178.94458420653325,158.83430384892446,205.1018202509445,178.94458420653325,178.94458420653325,3.078910371061023,3.078910371061023,3.078910371061023,3.078910371061023,3.078910371061023,3.078910371061023,0.0,0.0,0.0,182.02349457759428
2024-05-28,181.12598726003768,164.2139484000202,210.63293004336478,181.12598726003768,181.12598726003768,6.1438727363638375,6.1438727363638375,6.1438727363638375,6.1438727363638375,6.1438727363638375,6.1438727363638375,0.0,0.0,0.0,187.26985999640152
2024-05-29,181.67133802341377,164.6731142902361,209.59441643473264,181.67133802341377,181.67133802341377,5.679737911969209,5.679737911969209,5.679737911969209,5.679737911969209,5.679737911969209,5.679737911969209,0.0,0.0,0.0,187.35107593538297
2024-05-30,182.21668878678986,162.27329484791534,208.55605738999887,182.21668878678986,182.21668878678986,3.306139745030452,3.306139745030452,3.306139745030452,3.306139745030452,3.306139745030452,3.306139745030452,0.0,0.0,0.0,185.52282853182032
2024-05-31,182.76203955016598,160.8311635166587,207.60411966711297,182.76203955016598,182.76203955016598,3.0789103710605294,3.0789103710605294,3.0789103710605294,3.0789103710605294,3.0789103710605294,3.0789103710605294,0.0,0.0,0.0,185.8409499212265
2024-06-03,184.39809184029426,164.8692429793118,210.7448049296681,184.39809184029426,184.39809184029426,3.37262121055018,3.37262121055018,3.37262121055018,3.37262121055018,3.37262121055018,3.37262121055018,0.0,0.0,0.0,187.77071305084445
2024-06-04,184.9434426036704,167.95386796896912,215.59838138690458,184.9434426036704,184.9434426036704,6.143872736353419,6.143872736353419,6.143872736353419,6.143872736353419,6.143872736353419,6.143872736353419,0.0,0.0,0.0,191.08731534002382
2024-06-05,185.4887933670465,168.37860165624505,216.04961674715491,185.4887933670465,185.4887933670465,5.679737911970295,5.679737911970295,5.679737911970295,5.679737911970295,5.679737911970295,5.679737911970295,0.0,0.0,0.0,191.1685312790168
2024-06-06,186.0341493102331,163.5936482095652,210.68923403570707,186.0341493102331,186.0341493102331,3.306139745032591,3.306139745032591,3.306139745032591,3.306139745032591,3.306139745032591,3.306139745032591,0.0,0.0,0.0,189.34028905526569
2024-06-07,186.57950525341965,165.96780495558005,211.66997790753442,186.57950525341965,186.57950525341965,3.0789103710902053,3.0789103710902053,3.0789103710902053,3.0789103710902053,3.0789103710902053,3.0789103710902053,0.0,0.0,0.0,189.65841562450987
2024-06-10,188.2155730829794,168.2827956667458,214.20701548254095,188.2155730829794,188.2155730829794,3.372621210561707,3.372621210561707,3.372621210561707,3.372621210561707,3.372621210561707,3.372621210561707,0.0,0.0,0.0,191.5881942935411
2024-06-11,188.760929026166,171.8689174010147,216.81136514422082,188.760929026166,188.760929026166,6.143872736357558,6.143872736357558,6.143872736357558,6.143872736357558,6.143872736357558,6.143872736357558,0.0,0.0,0.0,194.90480176252356
2024-06-12,189.3062849693526,172.2385886633103,219.16753420328965,189.3062849693526,189.3062849693526,5.679737911977389,5.679737911977389,5.679737911977389,5.679737911977389,5.679737911977389,5.679737911977389,0.0,0.0,0.0,194.98602288132997
2024-06-13,189.85164091253915,169.68755684776562,215.1018235378905,189.85164091253915,189.85164091253915,3.3061397450347307,3.3061397450347307,3.3061397450347307,3.3061397450347307,3.3061397450347307,3.3061397450347307,0.0,0.0,0.0,193.15778065757388
2024-06-14,190.39699685572575,170.0087174079518,215.21247616973628,190.39699685572575,190.39699685572575,3.078910371089712,3.078910371089712,3.078910371089712,3.078910371089712,3.078910371089712,3.078910371089712,0.0,0.0,0.0,193.47590722681545
2024-06-17,192.0330646852855,172.48957551129868,218.56488818394536,192.0330646852855,192.0330646852855,3.372621210573235,3.372621210573235,3.372621210573235,3.372621210573235,3.372621210573235,3.372621210573235,0.0,0.0,0.0,195.40568589585874
2024-06-18,192.57842062847206,175.08286442732802,219.1166377606679,192.57842062847206,192.57842062847206,6.1438727363625825,6.1438727363625825,6.1438727363625825,6.1438727363625825,6.1438727363625825,6.1438727363625825,0.0,0.0,0.0,198.72229336483466
2024-06-20,193.66913251484524,174.42560381361073,220.97209312957713,193.66913251484524,193.66913251484524,3.306139745033344,3.306139745033344,3.306139745033344,3.306139745033344,3.306139745033344,3.306139745033344,0.0,0.0,0.0,196.97527225987858
2024-06-21,194.21448845803184,175.5475476108848,219.1125285260784,194.21448845803184,194.21448845803184,3.078910371080781,3.078910371080781,3.078910371080781,3.078910371080781,3.078910371080781,3.078910371080781,0.0,0.0,0.0,197.29339882911262
2024-06-24,195.8505562875916,177.6460844452459,222.80252233527222,195.8505562875916,195.8505562875916,3.3726212105847626,3.3726212105847626,3.3726212105847626,3.3726212105847626,3.3726212105847626,3.3726212105847626,0.0,0.0,0.0,199.22317749817634
2024-06-25,196.39591223077818,178.91113848714653,224.09122996873452,196.39591223077818,196.39591223077818,6.143872736366722,6.143872736366722,6.143872736366722,6.143872736366722,6.143872736366722,6.143872736366722,0.0,0.0,0.0,202.5397849671449
2024-06-26,196.94126817396474,178.36383599808667,224.60452395207759,196.94126817396474,196.94126817396474,5.679737911973317,5.679737911973317,5.679737911973317,5.679737911973317,5.679737911973317,5.679737911973317,0.0,0.0,0.0,202.62100608593806
2024-06-27,197.48662411715134,179.23541708483194,225.07818538823324,197.48662411715134,197.48662411715134,3.3061397450390095,3.3061397450390095,3.3061397450390095,3.3061397450390095,3.3061397450390095,3.3061397450390095,0.0,0.0,0.0,200.79276386219036
2024-06-28,198.03198006033793,177.4680917862803,223.24331854367452,198.03198006033793,198.03198006033793,3.0789103710718515,3.0789103710718515,3.0789103710718515,3.0789103710718515,3.0789103710718515,3.0789103710718515,0.0,0.0,0.0,201.11089043140979
2024-07-01,199.66804788989768,178.90938735123282,224.9560188060769,199.66804788989768,199.66804788989768,3.3726212105852538,3.3726212105852538,3.3726212105852538,3.3726212105852538,3.3726212105852538,3.3726212105852538,0.0,0.0,0.0,203.04066910048294
2024-07-02,200.21340383308424,184.024279470264,229.54145365183686,200.21340383308424,200.21340383308424,6.1438727363635826,6.1438727363635826,6.1438727363635826,6.1438727363635826,6.1438727363635826,6.1438727363635826,0.0,0.0,0.0,206.35727656944783
2024-07-03,200.75875977627086,183.4479744354703,228.46920093083887,200.75875977627086,200.75875977627086,5.67973791197024,5.67973791197024,5.67973791197024,5.67973791197024,5.67973791197024,5.67973791197024,0.0,0.0,0.0,206.4384976882411
2024-07-05,201.84947166264402,182.93714173999038,228.02852982794204,201.84947166264402,201.84947166264402,3.07891037106292,3.07891037106292,3.07891037106292,3.07891037106292,3.07891037106292,3.07891037106292,0.0,0.0,0.0,204.92838203370695
2024-07-08,203.48553949220377,184.30051647583883,230.54918779604265,203.48553949220377,203.48553949220377,3.3726212106078166,3.3726212106078166,3.3726212106078166,3.3726212106078166,3.3726212106078166,3.3726212106078166,0.0,0.0,0.0,206.85816070281157
2024-07-09,204.03089543539036,187.2085312499888,233.32231933235977,204.03089543539036,204.03089543539036,6.14387273636133,6.14387273636133,6.14387273636133,6.14387273636133,6.14387273636133,6.14387273636133,0.0,0.0,0.0,210.17476817175168
2024-07-10,204.57625137857693,186.00247799849856,234.8294942523479,204.57625137857693,204.57625137857693,5.679737911971327,5.679737911971327,5.679737911971327,5.679737911971327,5.679737911971327,5.679737911971327,0.0,0.0,0.0,210.25598929054826
2024-07-11,205.1216073217635,186.4371940313905,230.25456692248375,205.1216073217635,205.1216073217635,3.3061397450324006,3.3061397450324006,3.3061397450324006,3.3061397450324006,3.3061397450324006,3.3061397450324006,0.0,0.0,0.0,208.4277470667959
2024-07-12,205.6669632649501,187.09632124017276,233.89880168883556,205.6669632649501,205.6669632649501,3.078910371062428,3.078910371062428,3.078910371062428,3.078910371062428,3.078910371062428,3.078910371062428,0.0,0.0,0.0,208.74587363601253
2024-07-15,207.30303109450983,188.7289408411035,233.22638869756102,207.30303109450983,207.30303109450983,3.3726212105586586,3.3726212105586586,3.3726212105586586,3.3726212105586586,3.3726212105586586,3.3726212105586586,0.0,0.0,0.0,210.6756523050685
2024-07-16,207.84838703769643,190.5148098558081,237.35437051467332,207.84838703769643,207.84838703769643,6.14387273635819,6.14387273635819,6.14387273635819,6.14387273635819,6.14387273635819,6.14387273635819,0.0,0.0,0.0,213.99225977405462
2024-07-17,208.39374298088305,190.52231375867618,235.49610782506383,208.39374298088305,208.39374298088305,5.679737911968251,5.679737911968251,5.679737911968251,5.679737911968251,5.679737911968251,5.679737911968251,0.0,0.0,0.0,214.0734808928513
2024-07-18,208.9390989240696,188.64903129130963,235.5188915492376,208.9390989240696,208.9390989240696,3.306139745031013,3.306139745031013,3.306139745031013,3.306139745031013,3.306139745031013,3.306139745031013,0.0,0.0,0.0,212.24523866910062
2024-07-19,209.48445486725618,190.6645684464979,237.39481745465307,209.48445486725618,209.48445486725618,3.0789103710450583,3.0789103710450583,3.0789103710450583,3.0789103710450583,3.0789103710450583,3.0789103710450583,0.0,0.0,0.0,212.56336523830123
2024-07-22,211.12052269681595,192.13870484821294,238.86333317892704,211.12052269681595,211.12052269681595,3.3726212105701854,3.3726212105701854,3.3726212105701854,3.3726212105701854,3.3726212105701854,3.3726212105701854,0.0,0.0,0.0,214.49314390738613
2024-07-23,211.66587864000252,195.18645469508837,240.50442458814177,211.66587864000252,211.66587864000252,6.14387273636233,6.14387273636233,6.14387273636233,6.14387273636233,6.14387273636233,6.14387273636233,0.0,0.0,0.0,217.80975137636486
2024-07-24,212.2112345831891,195.37837459515268,240.912596236748,212.2112345831891,212.2112345831891,5.679737911967256,5.679737911967256,5.679737911967256,5.679737911967256,5.679737911967256,5.679737911967256,0.0,0.0,0.0,217.89097249515638
2024-07-25,212.7565905263757,193.3352392596631,239.6758085767509,212.7565905263757,212.7565905263757,3.306139745029626,3.306139745029626,3.306139745029626,3.306139745029626,3.306139745029626,3.306139745029626,0.0,0.0,0.0,216.06273027140534
2024-07-26,213.3019464695623,194.83240026121894,240.14830726939923,213.3019464695623,213.3019464695623,3.078910371083172,3.078910371083172,3.078910371083172,3.078910371083172,3.078910371083172,3.078910371083172,0.0,0.0,0.0,216.38085684064546
2024-07-29,214.93801429912202,195.48262073113625,240.79214471697696,214.93801429912202,214.93801429912202,3.3726212105706774,3.3726212105706774,3.3726212105706774,3.3726212105706774,3.3726212105706774,3.3726212105706774,0.0,0.0,0.0,218.3106355096927
2024-07-30,215.4833702423086,199.08426539722427,242.85023996219834,215.4833702423086,215.4833702423086,6.1438727363591905,6.1438727363591905,6.1438727363591905,6.1438727363591905,6.1438727363591905,6.1438727363591905,0.0,0.0,0.0,221.6272429786678
2024-07-31,216.0287261854952,198.83726211669293,243.9637186865294,216.0287261854952,216.0287261854952,5.679737911974351,5.679737911974351,5.679737911974351,5.679737911974351,5.679737911974351,5.679737911974351,0.0,0.0,0.0,221.70846409746954
2024-08-01,216.57408212868177,195.69535650180023,242.05003859917716,216.57408212868177,216.57408212868177,3.3061397450352916,3.3061397450352916,3.3061397450352916,3.3061397450352916,3.3061397450352916,3.3061397450352916,0.0,0.0,0.0,219.88022187371706
2024-08-02,217.11943807186836,197.48743909697782,242.74118127684204,217.11943807186836,217.11943807186836,3.0789103710658026,3.0789103710658026,3.0789103710658026,3.0789103710658026,3.0789103710658026,3.0789103710658026,0.0,0.0,0.0,220.19834844293416
2024-08-05,218.7555059014281,199.06337050638695,245.3009857196451,218.7555059014281,218.7555059014281,3.372621210571171,3.372621210571171,3.372621210571171,3.372621210571171,3.372621210571171,3.372621210571171,0.0,0.0,0.0,222.12812711199928
2024-08-06,219.3008618446147,201.57267276778586,248.79527284270984,219.3008618446147,219.3008618446147,6.1438727363633285,6.1438727363633285,6.1438727363633285,6.1438727363633285,6.1438727363633285,6.1438727363633285,0.0,0.0,0.0,225.44473458097804
2024-08-07,219.8462177878013,203.50790433465693,247.58776363475664,219.8462177878013,219.8462177878013,5.679737911973356,5.679737911973356,5.679737911973356,5.679737911973356,5.679737911973356,5.679737911973356,0.0,0.0,0.0,225.52595569977464
2024-08-08,220.39157373098786,201.8031020749024,245.94138734688957,220.39157373098786,220.39157373098786,3.3061397450339047,3.3061397450339047,3.3061397450339047,3.3061397450339047,3.3061397450339047,3.3061397450339047,0.0,0.0,0.0,223.69771347602176
2024-08-09,220.93692967417445,199.76995311925518,246.47245443182737,220.93692967417445,220.93692967417445,3.078910371065311,3.078910371065311,3.078910371065311,3.078910371065311,3.078910371065311,3.078910371065311,0.0,0.0,0.0,224.01584004523977
2024-08-12,222.5729975037342,203.0381664010953,249.1204645273307,222.5729975037342,222.5729975037342,3.372621210555116,3.372621210555116,3.372621210555116,3.372621210555116,3.372621210555116,3.372621210555116,0.0,0.0,0.0,225.9456187142893
2024-08-13,223.11835344692076,205.63169072163936,251.83019293773685,223.11835344692076,223.11835344692076,6.143872736352912,6.143872736352912,6.143872736352912,6.143872736352912,6.143872736352912,6.143872736352912,0.0,0.0,0.0,229.26222618327367
2024-08-14,223.66370939010739,206.21066171189938,251.816479450938,223.66370939010739,223.66370939010739,5.679737911970279,5.679737911970279,5.679737911970279,5.679737911970279,5.679737911970279,5.679737911970279,0.0,0.0,0.0,229.34344730207766
2024-08-15,224.20906533329398,206.4882498572283,252.89347902065688,224.20906533329398,224.20906533329398,3.3061397450360435,3.3061397450360435,3.3061397450360435,3.3061397450360435,3.3061397450360435,3.3061397450360435,0.0,0.0,0.0,227.51520507833
2024-08-16,224.75442127648054,204.4215882717481,252.43292758362014,224.75442127648054,224.75442127648054,3.0789103710949868,3.0789103710949868,3.0789103710949868,3.0789103710949868,3.0789103710949868,3.0789103710949868,0.0,0.0,0.0,227.83333164757553
2024-08-17,225.2997772196671,192.48107834473998,237.56544599669505,225.2997772196671,225.2997772196671,-10.790642864934815,-10.790642864934815,-10.790642864934815,-10.790642864934815,-10.790642864934815,-10.790642864934815,0.0,0.0,0.0,214.50913435473228
2024-08-18,225.8451331628537,193.87789684906917,237.3854230124819,225.8451331628537,225.8451331628537,-10.79063911009776,-10.79063911009776,-10.79063911009776,-10.79063911009776,-10.79063911009776,-10.79063911009776,0.0,0.0,0.0,215.05449405275593
2024-08-19,226.3904891060403,206.50422839034667,252.4790254841025,226.38903114171757,226.3904891060403,3.372621210566643,3.372621210566643,3.372621210566643,3.372621210566643,3.372621210566643,3.372621210566643,0.0,0.0,0.0,229.76311031660694
2024-08-20,226.93584504922686,210.62035250946744,255.78657926516524,226.9180575448247,226.94759302851037,6.143872736357051,6.143872736357051,6.143872736357051,6.143872736357051,6.143872736357051,6.143872736357051,0.0,0.0,0.0,233.0797177855839
2024-08-21,227.48120099241348,210.56850762132794,255.35892842415936,227.43461014997786,227.51744132192977,5.6797379119692835,5.6797379119692835,5.6797379119692835,5.6797379119692835,5.6797379119692835,5.6797379119692835,0.0,0.0,0.0,233.16093890438276
2024-08-22,228.02655693560004,208.43534925195257,254.35951930420893,227.95421092647396,228.08987035977643,3.3061397450308223,3.3061397450308223,3.3061397450308223,3.3061397450308223,3.3061397450308223,3.3061397450308223,0.0,0.0,0.0,231.33269668063087
2024-08-23,228.57191287878666,206.44360793275564,254.6191764830156,228.44397796124517,228.66508473258622,3.078910371086056,3.078910371086056,3.078910371086056,3.078910371086056,3.078910371086056,3.078910371086056,0.0,0.0,0.0,231.65082324987273
2024-08-24,229.11726882197323,193.4957969998664,241.05837282735735,228.95748616106562,229.2586315125645,-10.790642864927728,-10.790642864927728,-10.790642864927728,-10.790642864927728,-10.790642864927728,-10.790642864927728,0.0,0.0,0.0,218.3266259570455
2024-08-25,229.6626247651598,195.20295852742993,240.68594991450007,229.4588926332615,229.85656474473484,-10.790639110081168,-10.790639110081168,-10.790639110081168,-10.790639110081168,-10.790639110081168,-10.790639110081168,0.0,0.0,0.0,218.87198565507862
2024-08-26,230.20798070834638,209.18338258412953,256.09324259133734,229.95355278146556,230.44846372453935,3.372621210567135,3.372621210567135,3.372621210567135,3.372621210567135,3.372621210567135,3.372621210567135,0.0,0.0,0.0,233.58060191891352
2024-08-27,230.75333665153295,213.93329634447812,260.7083684771997,230.44942621579375,231.03900745131995,6.143872736362075,6.143872736362075,6.143872736362075,6.143872736362075,6.143872736362075,6.143872736362075,0.0,0.0,0.0,236.89720938789503
2024-08-28,231.29869259471954,213.83750709278675,257.65012867937526,230.92837299131722,231.6380268591884,5.679737911966207,5.679737911966207,5.679737911966207,5.679737911966207,5.679737911966207,5.679737911966207,0.0,0.0,0.0,236.97843050668575
2024-08-29,231.84404853790616,211.67788656620579,257.02934025058255,231.40712167526743,232.24984300562747,3.306139745032962,3.306139745032962,3.306139745032962,3.306139745032962,3.306139745032962,3.306139745032962,0.0,0.0,0.0,235.15018828293913
2024-08-30,232.38940448109273,213.89049481574392,257.0769485480122,231.8665109024972,232.8749636174312,3.078910371077125,3.078910371077125,3.078910371077125,3.078910371077125,3.078910371077125,3.078910371077125,0.0,0.0,0.0,235.46831485216984
2024-08-31,232.93476042427932,198.44401611904598,243.089690347989,232.33244478810875,233.49757481636698,-10.790642864943996,-10.790642864943996,-10.790642864943996,-10.790642864943996,-10.790642864943996,-10.790642864943996,0.0,0.0,0.0,222.1441175593353
2024-09-01,233.48011636746588,197.82322033933636,247.9137056040956,232.76415136667242,234.1108807936914,-10.79063911007718,-10.79063911007718,-10.79063911007718,-10.79063911007718,-10.79063911007718,-10.79063911007718,0.0,0.0,0.0,222.68947725738872
2024-09-02,234.02547231065248,214.700745039111,261.1962488179357,233.19272375213953,234.76412390622332,3.372621210567629,3.372621210567629,3.372621210567629,3.372621210567629,3.372621210567629,3.372621210567629,0.0,0.0,0.0,237.3980935212201
2024-09-03,234.57082825383907,218.36717020506498,264.0572858372152,233.67500164032205,235.40125242417383,6.1438727363589365,6.1438727363589365,6.1438727363589365,6.1438727363589365,6.1438727363589365,6.1438727363589365,0.0,0.0,0.0,240.714700990198
2024-09-04,235.11618419702563,217.61801608694734,263.556620058816,234.1266823651395,236.0179536036695,5.679737911967294,5.679737911967294,5.679737911967294,5.679737911967294,5.679737911967294,5.679737911967294,0.0,0.0,0.0,240.79592210899293
2024-09-05,235.6615401402122,217.36388789756373,262.5587614134944,234.6192431779626,236.63935280033508,3.306139745035101,3.306139745035101,3.306139745035101,3.306139745035101,3.306139745035101,3.306139745035101,0.0,0.0,0.0,238.9676798852473
2024-09-06,236.20689608339885,214.2551270849845,263.7373611492793,235.12423103348647,237.25834295103164,3.0789103710766326,3.0789103710766326,3.0789103710766326,3.0789103710766326,3.0789103710766326,3.0789103710766326,0.0,0.0,0.0,239.28580645447548
2024-09-07,236.7522520265854,202.52163073509072,247.02447771556368,235.5821487114276,237.91664040001004,-10.790642864908667,-10.790642864908667,-10.790642864908667,-10.790642864908667,-10.790642864908667,-10.790642864908667,0.0,0.0,0.0,225.96160916167673
2024-09-08,237.297607969772,204.53552029892987,250.31821954272243,235.97187282100435,238.56013291842268,-10.790639110110959,-10.790639110110959,-10.790639110110959,-10.790639110110959,-10.790639110110959,-10.790639110110959,0.0,0.0,0.0,226.50696885966104
2024-09-09,237.84296391295857,217.92337911416368,263.2030153266814,236.39145222235598,239.2035330212049,3.372621210579155,3.372621210579155,3.372621210579155,3.372621210579155,3.372621210579155,3.372621210579155,0.0,0.0,0.0,241.21558512353772
2024-09-10,238.38831985614513,220.9888444705293,267.8477989411997,236.82428837144204,239.85046772792134,6.143872736355798,6.143872736355798,6.143872736355798,6.143872736355798,6.143872736355798,6.143872736355798,0.0,0.0,0.0,244.53219259250093
2024-09-11,238.93367579933172,222.35861455114875,267.3031696539978,237.23045642525526,240.5067099609204,5.679737911964216,5.679737911964216,5.679737911964216,5.679737911964216,5.679737911964216,5.679737911964216,0.0,0.0,0.0,244.61341371129595
2024-09-12,239.47903174251832,219.33317265379046,266.13919368254403,237.64533774558757,241.13864407745507,3.3061397450298795,3.3061397450298795,3.3061397450298795,3.3061397450298795,3.3061397450298795,3.3061397450298795,0.0,0.0,0.0,242.78517148754818
2024-09-13,240.02438768570488,220.76110246153902,266.59527590081785,238.08644399070516,241.7835302155253,3.0789103710761405,3.0789103710761405,3.0789103710761405,3.0789103710761405,3.0789103710761405,3.0789103710761405,0.0,0.0,0.0,243.10329805678103
2024-09-14,240.56974362889144,207.10970328470094,253.07144849857133,238.54685864559477,242.44118528517706,-10.790642864913258,-10.790642864913258,-10.790642864913258,-10.790642864913258,-10.790642864913258,-10.790642864913258,0.0,0.0,0.0,229.7791007639782
2024-09-15,241.1150995720781,209.23098004447402,252.22485938590867,238.98759197266148,243.09135930298268,-10.790639110119573,-10.790639110119573,-10.790639110119573,-10.790639110119573,-10.790639110119573,-10.790639110119573,0.0,0.0,0.0,230.32446046195852
